Mean_loss,Accuracy,Hue_accuracy,Chroma_accuracy,Value_accuracy
0.015382892570647762,0.30612244897959184,0.30612244897959184,0.7551020408163265,0.4523809523809524,0.9387755102040817
