Mean_loss,Accuracy,Hue_accuracy,Chroma_accuracy,Value_accuracy
0.04657170704802291,0.5575539568345323,0.5575539568345323,0.6007194244604317,0.8920863309352518,0.9784172661870504
